Quality of Life,Stress Level,Medical Checkup Frequency,Employment Status,Age,Religiosity Score,Income
Moderate,Moderate,13,Unemployed,40,15.36743062,381509
Moderate,Low,4,Employed,32,79.10721435,113041
Good,Low,1,Employed,42,46.85798044,135057
Good,High,5,Employed,54,24.48089614,249821
Poor,High,0,Unemployed,39,68.02133709,190452
Poor,Moderate,1,Unemployed,45,37.43361537,229465
Poor,High,12,Employed,42,6.477219953,526162
Moderate,Moderate,9,Employed,44,32.34273553,482342
Good,Moderate,14,Unemployed,33,29.91302956,479575
Moderate,Moderate,11,Unemployed,41,30.60584529,311571
Moderate,Moderate,3,Employed,53,25.05134732,445717
Poor,Moderate,8,Unemployed,45,36.04118064,113187
Moderate,High,1,Unemployed,47,89.05937601,469491
Poor,Moderate,5,Employed,59,82.84997121,151207
Moderate,Low,7,Employed,36,33.30732961,137739
Good,Moderate,4,Employed,34,84.9404255,176167
Poor,Low,0,Employed,44,29.6269836,526519
Good,Low,9,Employed,59,73.35583529,151545
Good,Low,6,Employed,55,78.50922039,230956
Poor,High,7,Employed,48,78.42857717,256059
Moderate,Moderate,13,Employed,44,49.46359404,199128
Poor,High,10,Employed,54,38.78450997,311389
Poor,Low,4,Employed,50,21.64905673,551768
Poor,Moderate,4,Unemployed,52,48.96442118,337348
Poor,High,15,Unemployed,49,47.36852604,73167
Moderate,Low,7,Unemployed,43,12.6556343,487270
Poor,High,1,Employed,57,10.04947592,389606
Moderate,Moderate,6,Unemployed,65,73.54140255,263217
Moderate,High,11,Unemployed,48,91.46651074,309078
Good,Moderate,10,Unemployed,64,21.53305275,230275
Moderate,Low,5,Employed,30,67.83506295,432551
Moderate,Low,1,Employed,43,20.40730584,420379
Moderate,Moderate,8,Employed,51,40.13480042,199341
Moderate,High,15,Unemployed,57,10.74986371,575856
Moderate,Low,10,Employed,33,55.85734217,570498
Poor,Moderate,15,Employed,31,74.54670382,176727
Poor,Low,4,Employed,40,52.12708069,407318
Moderate,High,6,Unemployed,44,22.76105786,333029
Moderate,Low,9,Unemployed,53,83.59491109,301718
Moderate,High,8,Unemployed,56,72.1629636,257384
Poor,Moderate,5,Employed,49,32.82722936,394680
Poor,Moderate,4,Employed,39,11.26978604,389109
Poor,Low,11,Unemployed,42,8.467615524,60019
Moderate,Low,10,Employed,41,22.12840659,87235
Poor,High,2,Employed,41,25.86402366,379058
Good,Moderate,0,Employed,60,66.64266141,180719
Good,Low,11,Employed,58,9.130887758,244167
Moderate,Moderate,8,Employed,64,37.33154064,169086
Moderate,Moderate,10,Employed,38,54.29021315,297844
Good,High,5,Employed,45,82.29806253,251990
Good,High,13,Unemployed,55,19.8405364,80985
Moderate,Moderate,7,Employed,57,69.13498643,514045
Moderate,High,9,Unemployed,49,16.24602138,511874
Moderate,High,13,Employed,38,38.17098191,305278
Poor,Moderate,2,Unemployed,42,76.50685744,355600
Poor,High,6,Unemployed,45,75.03531224,374093
Moderate,High,2,Employed,60,17.86079093,485218
Moderate,Low,13,Unemployed,47,14.4654902,390349
Moderate,Low,2,Unemployed,61,35.24754416,337423
Poor,Moderate,10,Unemployed,37,91.88520513,589559
Good,High,9,Unemployed,33,45.50110323,261268
Poor,Low,11,Employed,60,41.07770895,54421
Moderate,High,2,Unemployed,64,62.45180154,52763
Good,High,8,Employed,47,40.06992812,117601
Good,Low,6,Employed,63,71.2718003,361018
Moderate,Low,3,Unemployed,48,62.32575097,439554
Moderate,High,13,Unemployed,65,55.2975586,360118
Good,Moderate,9,Employed,64,95.3656451,542642
Moderate,High,13,Unemployed,53,49.37988957,446654
Moderate,High,4,Employed,31,3.897236397,321315
Moderate,High,15,Unemployed,33,66.94700039,481958
Poor,Low,5,Unemployed,47,83.88460158,539440
Poor,High,7,Employed,53,71.16077276,495115
Moderate,Moderate,13,Unemployed,52,12.53008964,349377
Poor,Low,9,Unemployed,63,7.387041791,590050
Poor,High,15,Unemployed,63,28.2625606,318104
Moderate,Low,11,Unemployed,45,52.79098279,285879
Poor,Low,6,Employed,42,61.58438944,518827
Poor,High,12,Employed,34,6.07692684,529489
Poor,Moderate,1,Unemployed,39,50.32704481,442453
Moderate,Moderate,7,Employed,35,18.37389258,533672
Good,Moderate,6,Unemployed,42,94.48756419,482355
Poor,High,2,Employed,44,7.49440127,412863
Poor,Low,3,Unemployed,59,61.59047337,115734
Moderate,Moderate,7,Unemployed,52,63.73048264,181246
Moderate,Low,15,Employed,48,54.00657153,499919
Good,Low,5,Unemployed,40,63.13896816,227355
Poor,High,15,Unemployed,32,47.55774097,380385
Poor,Low,8,Employed,33,72.63570177,501923
Good,High,15,Employed,52,17.70709219,57909
Good,Moderate,11,Employed,48,99.88448272,293888
Good,Moderate,0,Unemployed,58,79.6548554,462858
Poor,Low,12,Unemployed,53,38.15759191,364876
Good,Low,3,Employed,46,97.91339175,222896
Poor,High,7,Unemployed,63,85.63001937,587400
Moderate,Moderate,10,Employed,34,75.80763973,111053
Good,High,6,Unemployed,60,75.51872742,215664
Poor,Low,14,Unemployed,51,76.6222818,200590
Poor,Low,13,Employed,37,8.776956377,189936
Good,Moderate,12,Employed,32,68.48544792,494438
Moderate,High,5,Unemployed,38,36.17996799,525495
Poor,High,3,Employed,35,2.717403629,113741
Poor,Low,3,Unemployed,43,23.58360519,412525
Good,Low,12,Employed,65,53.91993353,51083
Good,Moderate,15,Employed,42,81.64640594,287241
Poor,Low,3,Unemployed,53,53.02194068,450808
Poor,High,5,Unemployed,49,20.5604919,50335
Good,Low,10,Unemployed,32,69.28083938,81901
Good,High,8,Employed,49,73.42183395,491040
Moderate,High,4,Employed,64,4.593003223,435512
Poor,Moderate,11,Employed,64,93.51620107,146859
Moderate,High,3,Employed,59,56.88187318,176172
Good,Low,13,Employed,39,18.59017116,338267
Poor,Low,7,Employed,62,91.64683487,579492
Moderate,Moderate,12,Unemployed,62,17.02330324,82494
Poor,Moderate,14,Unemployed,47,94.06453434,135613
Moderate,Low,10,Unemployed,43,57.03762003,181951
Poor,Moderate,10,Unemployed,30,72.64715435,502940
Poor,Moderate,10,Employed,50,73.41495973,345572
Moderate,Low,0,Unemployed,39,33.917362,331915
Good,Low,9,Employed,32,31.55733082,588163
Moderate,High,5,Unemployed,48,18.41965297,480389
Poor,Moderate,0,Employed,63,98.64265461,102527
Good,Moderate,8,Employed,53,85.01924002,334361
Moderate,Moderate,15,Employed,44,44.72915399,492664
Moderate,Low,8,Unemployed,56,74.74929559,229757
Good,High,0,Unemployed,52,65.23462476,87080
Moderate,High,15,Unemployed,52,64.84244184,404346
Moderate,Low,3,Employed,64,17.71938125,72212
Good,Moderate,4,Employed,64,11.53190332,175559
Poor,Moderate,6,Unemployed,36,73.20982558,385895
Moderate,Moderate,11,Employed,37,32.91191537,494836
Good,High,2,Unemployed,50,67.95073249,559510
Moderate,Moderate,13,Employed,33,38.43001876,496444
Poor,Low,1,Unemployed,62,29.52819705,352433
Poor,Moderate,9,Unemployed,47,64.42414008,167048
Poor,Low,14,Employed,37,38.14410821,101363
Poor,Moderate,8,Unemployed,37,84.59812924,107515
Moderate,Low,15,Unemployed,35,56.71645463,420275
Moderate,Moderate,8,Employed,41,16.07155849,427019
Moderate,Moderate,14,Employed,61,18.51650454,253431
Moderate,Low,1,Employed,50,88.89916386,413661
Poor,High,6,Employed,37,0.725242802,217092
Moderate,High,6,Unemployed,31,34.48737837,533740
Moderate,High,10,Employed,38,95.9726838,213797
Moderate,High,4,Employed,64,68.99911964,406750
Moderate,Low,0,Unemployed,58,32.8592163,523112
Poor,Low,12,Unemployed,50,95.99281206,274305
Poor,Moderate,0,Unemployed,32,74.77458209,498386
Moderate,Moderate,9,Unemployed,55,57.62294118,447906
Moderate,Low,10,Employed,54,17.19704018,166398
Good,High,1,Employed,45,75.28694445,218130
Moderate,Low,12,Unemployed,42,44.2470927,183541
Poor,Low,4,Employed,51,2.67705857,574336
Poor,Moderate,11,Employed,35,21.52727733,209077
Poor,High,7,Employed,60,66.15645682,560772
Moderate,High,7,Employed,62,81.4867015,369117
Moderate,High,9,Employed,51,64.69283411,515048
Good,Moderate,6,Employed,48,19.87366639,438343
Moderate,High,11,Employed,55,12.41874432,480792
Moderate,Low,2,Unemployed,33,12.22529399,335721
Moderate,High,6,Employed,49,96.9294662,85409
Moderate,Moderate,3,Unemployed,41,26.26976319,452247
Poor,Moderate,6,Unemployed,63,88.662265,333537
Moderate,High,12,Unemployed,56,53.82527463,83928
Moderate,High,1,Employed,53,75.89864404,73601
Poor,Moderate,12,Employed,32,48.3903493,468730
Moderate,Low,11,Unemployed,58,61.22652287,546856
Poor,High,8,Unemployed,36,96.86629131,584142
Moderate,Low,6,Unemployed,42,90.5576059,154083
Poor,High,8,Unemployed,45,60.60100737,297677
Poor,Moderate,2,Unemployed,39,90.89097045,577145
Poor,Low,12,Employed,62,30.92485176,513674
Moderate,Low,5,Unemployed,43,74.67216017,181936
Poor,Low,8,Unemployed,65,29.81972982,494277
Moderate,Moderate,6,Employed,60,4.043883121,68385
Moderate,High,6,Employed,52,84.79241623,322500
Moderate,Moderate,6,Employed,39,47.56509845,211465
Moderate,High,11,Unemployed,59,64.28035088,228924
Good,Moderate,0,Unemployed,52,97.20489648,83643
Poor,Low,15,Employed,63,68.77730355,558486
Good,High,8,Unemployed,62,86.15642842,481979
Poor,High,5,Unemployed,63,88.87160946,215483
Good,Moderate,8,Employed,58,51.22847431,224112
Moderate,High,12,Unemployed,44,3.980568322,401621
Moderate,Moderate,15,Unemployed,55,12.91364041,192214
Moderate,Low,9,Employed,59,11.0021243,275143
Good,High,10,Employed,45,15.13412587,250662
Moderate,Low,3,Employed,44,78.7056654,579952
Poor,Moderate,4,Employed,64,21.9924548,460722
Moderate,Moderate,11,Employed,33,21.19815208,498692
Poor,Low,0,Unemployed,35,18.59632241,516458
Moderate,High,6,Unemployed,61,8.086974583,554000
Moderate,Low,10,Employed,54,21.29172856,459293
Poor,Moderate,1,Employed,37,95.48392097,130091
Poor,High,8,Employed,41,93.76992662,586587
Poor,Low,9,Unemployed,32,2.684793442,140810
Moderate,Low,14,Unemployed,42,24.02646756,282543
Poor,Low,4,Unemployed,42,92.61457473,226645
Poor,Moderate,11,Unemployed,40,70.91238408,83382
Poor,Low,7,Employed,36,62.88605853,122391
Moderate,High,11,Unemployed,30,97.76677177,195924
Good,Low,7,Unemployed,36,38.89831016,191525
Moderate,Low,15,Employed,57,90.84948675,211773
Good,High,9,Unemployed,45,12.22728527,75816
Poor,Moderate,9,Unemployed,64,94.29701894,306114
Poor,High,11,Unemployed,40,89.15391897,158771
Poor,High,12,Unemployed,47,43.14449923,486410
Poor,High,7,Employed,52,72.72646586,273008
Moderate,Low,11,Employed,36,9.625058324,476708
Poor,Low,5,Unemployed,57,40.82667739,320539
Poor,High,7,Unemployed,61,66.97230078,80311
Moderate,Moderate,14,Unemployed,46,30.92561105,360482
Moderate,Moderate,10,Employed,57,34.59724878,545740
Moderate,Moderate,13,Employed,60,10.34975036,197387
Poor,Moderate,5,Employed,30,83.98595727,319444
Poor,Moderate,3,Employed,30,96.31146594,554921
Poor,Low,5,Employed,40,45.09443222,78039
Good,Low,4,Unemployed,60,58.22009008,591949
Poor,Low,12,Employed,53,37.91239107,540611
Moderate,High,11,Employed,41,62.60772911,173495
Good,Low,0,Employed,32,21.04828363,565164
Moderate,Low,7,Employed,59,28.59275597,573204
Moderate,Low,4,Employed,42,65.18649477,553002
Moderate,Low,9,Unemployed,33,85.07077917,117701
Moderate,High,12,Employed,59,91.71754351,267601
Moderate,Low,8,Unemployed,49,78.34685514,190048
Moderate,Low,15,Employed,59,54.52357183,524394
Moderate,Moderate,3,Unemployed,38,4.019869126,307970
Moderate,High,2,Unemployed,38,68.25821698,534794
Moderate,Moderate,13,Employed,32,18.93477236,219328
Poor,High,6,Unemployed,55,39.88366148,244758
Moderate,Moderate,1,Employed,56,79.04152503,146244
Moderate,Moderate,6,Employed,61,83.10844074,573394
Moderate,Low,11,Employed,31,94.42661597,133944
Poor,Moderate,8,Unemployed,51,59.20643078,526969
Good,Moderate,5,Employed,56,60.56532718,473156
Good,Low,15,Unemployed,54,41.93469939,433088
Good,Low,1,Unemployed,45,43.21028974,160394
Good,Moderate,14,Unemployed,54,67.24062936,305980
Moderate,Low,13,Employed,44,2.031046783,564274
Good,Low,15,Employed,62,14.62214885,114151
Moderate,High,10,Unemployed,40,18.18269962,198974
Good,Low,12,Unemployed,34,60.73245923,290167
Poor,Low,12,Unemployed,59,63.02625281,489647
Good,Low,8,Employed,37,57.50254563,65369
Poor,Moderate,8,Unemployed,63,31.67486487,92855
Poor,Moderate,10,Unemployed,35,36.99300046,205194
Moderate,Moderate,0,Unemployed,39,30.27105691,324217
Good,Low,3,Unemployed,33,46.7295803,337805
Poor,Low,7,Unemployed,61,13.33844935,520120
Moderate,High,10,Employed,44,75.60165825,430201
Good,Moderate,1,Unemployed,31,36.99664944,144964
Poor,Moderate,12,Unemployed,58,56.0927246,530122
Poor,Low,2,Unemployed,32,97.29019712,486828
Good,High,10,Employed,44,75.66024983,509174
Moderate,High,6,Unemployed,33,49.63643725,108366
Good,High,11,Employed,37,77.41715,527678
Poor,High,2,Employed,62,7.729349315,440821
Poor,High,11,Employed,57,43.33808481,259221
Good,High,7,Unemployed,40,6.114618105,248105
Good,High,8,Employed,36,56.50177689,166702
Good,Low,3,Unemployed,40,64.27171547,570907
Good,Moderate,2,Employed,42,11.91000576,215629
Poor,High,1,Employed,41,98.63985765,520330
Good,High,3,Employed,58,0.877475506,529691
Poor,Moderate,8,Employed,42,89.47141048,57556
Moderate,High,5,Unemployed,51,17.54549702,86258
Moderate,High,0,Unemployed,54,9.757916958,95675
Poor,High,13,Unemployed,54,82.71501955,229966
Moderate,Moderate,12,Unemployed,37,22.52888919,75120
Poor,High,4,Employed,45,38.58807342,318954
Moderate,High,11,Unemployed,47,48.90173803,590852
Moderate,Low,4,Unemployed,48,66.76072297,349588
Good,High,0,Employed,61,18.26013981,112399
Poor,Moderate,9,Employed,40,15.54011287,235793
Moderate,Moderate,7,Unemployed,33,14.5869127,173796
Poor,Moderate,0,Employed,65,65.37896508,560948
Good,High,1,Unemployed,49,3.67937243,450824
Poor,Moderate,13,Employed,31,88.69323963,185021
Good,Moderate,1,Unemployed,48,30.66686303,291143
Moderate,High,14,Unemployed,61,32.45786592,528328
Poor,High,7,Employed,30,72.06703232,428968
Good,Low,1,Employed,44,9.207004571,410001
Poor,Low,8,Unemployed,63,84.31991416,532245
Moderate,High,1,Unemployed,46,76.96001513,259763
Moderate,High,3,Employed,31,52.31780098,583961
Moderate,Low,10,Employed,47,18.63693888,487751
Moderate,High,4,Unemployed,56,81.45079681,469741
Moderate,Low,10,Unemployed,48,50.40749468,504265
Good,Low,10,Employed,55,78.91439513,330491
Good,Low,8,Unemployed,35,43.77995313,376053
Good,Low,6,Employed,49,54.48019783,52033
Poor,Low,13,Unemployed,38,28.74571135,564165
Good,Moderate,8,Employed,65,49.21655059,427441
Poor,High,11,Employed,46,17.09052899,272588
Good,High,1,Employed,31,24.86687835,592043
Moderate,Moderate,0,Employed,33,63.864376,598437
Poor,High,15,Employed,44,63.4953713,144001
Poor,High,1,Unemployed,41,92.23255782,297712
Poor,Moderate,4,Employed,45,51.50603458,441025
Moderate,Low,10,Employed,30,88.12880075,418177
Good,Moderate,5,Employed,60,3.993218927,113448
Moderate,Moderate,4,Employed,64,21.90383616,52515
Poor,Low,14,Employed,65,34.6002413,376835
Good,High,2,Employed,48,3.283542908,132702
Good,Moderate,6,Unemployed,30,93.41553438,510528
Moderate,Low,15,Unemployed,61,49.49116048,268993
Good,Low,9,Employed,64,49.60298943,198121
Poor,Low,8,Unemployed,42,52.36943322,430811
Moderate,Moderate,10,Employed,57,22.94119912,141213
Moderate,Moderate,5,Employed,60,47.29269094,359593
Moderate,Moderate,10,Employed,65,17.38921751,419259
Good,Low,0,Employed,56,40.70919562,440195
Good,High,8,Employed,47,75.86485927,94807
Moderate,Moderate,13,Unemployed,36,18.38457269,501700
Moderate,Low,7,Unemployed,35,16.80974478,477364
Poor,High,6,Employed,37,64.02607219,373909
Moderate,Low,5,Unemployed,38,8.969929701,505401
Moderate,Low,5,Employed,59,83.50299613,423854
Moderate,Low,8,Unemployed,37,27.17385165,300748
Moderate,High,10,Employed,51,0.882258893,239135
Good,Low,8,Unemployed,61,49.27488961,346773
Moderate,Low,0,Unemployed,32,5.660246561,158078
Moderate,High,8,Employed,34,66.70860513,237890
Good,Low,14,Unemployed,47,31.38187803,534171
Poor,Low,6,Unemployed,38,88.22379618,284284
Moderate,Low,0,Unemployed,33,29.88258318,117941
Moderate,Low,10,Employed,33,2.910145132,345413
Poor,High,7,Unemployed,64,98.66387198,504921
Poor,High,5,Unemployed,33,91.8302742,371112
Moderate,Moderate,3,Unemployed,46,8.128052332,66412
Moderate,Low,1,Unemployed,45,40.44802675,562179
Poor,Moderate,7,Unemployed,30,30.5858108,289329
Poor,High,0,Employed,60,80.71797702,107736
Moderate,High,15,Unemployed,51,20.36486411,143362
Moderate,Moderate,0,Employed,56,91.42087897,403990
Good,Moderate,15,Employed,43,55.04924695,175996
Poor,Moderate,6,Employed,37,61.34927719,345665
Poor,Moderate,5,Employed,42,93.07257945,177348
Moderate,Low,8,Employed,54,54.14344766,79294
Poor,High,13,Unemployed,46,59.36750744,126323
Moderate,Moderate,3,Employed,55,55.09441938,235369
Poor,High,5,Unemployed,35,43.98207378,270960
Moderate,Moderate,0,Unemployed,50,1.738874293,58394
Good,Low,9,Employed,45,19.9323859,500633
Poor,High,2,Employed,65,83.58063696,441698
Moderate,Moderate,3,Employed,48,38.47116499,51428
Poor,Moderate,7,Unemployed,31,53.70072866,384698
Poor,Low,2,Employed,59,54.08595788,421390
Poor,Low,13,Employed,34,18.92090053,489337
Moderate,High,11,Unemployed,45,34.3176387,126623
Moderate,Moderate,6,Employed,62,29.35856384,428049
Moderate,Low,9,Unemployed,59,21.14722813,423585
Good,Moderate,10,Employed,46,51.90917303,65007
Moderate,High,12,Unemployed,58,76.02056245,372346
Poor,High,14,Employed,46,39.48569655,520239
Moderate,Low,9,Employed,50,6.71970981,440730
Moderate,Moderate,14,Unemployed,58,50.40380076,327112
Moderate,Low,3,Employed,53,12.3234668,220859
Moderate,Moderate,8,Unemployed,31,12.40968761,84781
Good,Low,11,Employed,51,41.32226775,58946
Poor,Low,2,Employed,30,94.14255948,451502
Good,Moderate,15,Unemployed,58,28.09374383,455698
Good,Low,14,Unemployed,37,16.01282402,246482
Poor,Moderate,6,Unemployed,44,80.89273072,318742
Good,Moderate,0,Unemployed,39,32.58354395,306915
Moderate,Low,0,Unemployed,51,67.38141458,427372
Good,Low,7,Employed,58,93.57998315,140792
Good,Moderate,9,Employed,58,56.12755149,177069
Poor,Low,14,Unemployed,51,36.68683943,183621
Moderate,High,11,Unemployed,37,13.75521115,221665
Moderate,Low,5,Employed,53,57.13515657,502426
Poor,High,7,Unemployed,58,88.90421177,568486
Moderate,Moderate,7,Unemployed,61,87.75455426,131594
Poor,Low,15,Unemployed,60,41.13226968,136527
Moderate,Low,6,Employed,53,4.234974748,284629
Good,Low,5,Employed,65,25.90982054,105451
Poor,High,4,Unemployed,35,79.33448279,416057
Moderate,High,4,Employed,40,23.74689072,342366
Poor,Moderate,12,Unemployed,65,49.96702437,543788
Moderate,Low,13,Unemployed,41,25.78642536,220335
Good,Low,0,Employed,57,86.73455047,326085
Moderate,High,10,Employed,51,27.23845793,210064
Moderate,Low,4,Unemployed,34,48.75022786,393690
Poor,Low,11,Employed,63,38.38749534,397629
Good,Low,13,Employed,33,15.85980058,403314
Moderate,Moderate,0,Employed,61,35.50947664,464947
Good,High,0,Unemployed,46,14.00392313,468491
Moderate,Moderate,5,Employed,63,58.017187,225509
Poor,Moderate,0,Employed,54,94.51614572,471046
Moderate,High,8,Unemployed,62,34.2499993,362567
Poor,Low,14,Employed,42,11.91570455,95628
Poor,Moderate,8,Unemployed,43,34.27404136,327568
Poor,High,7,Unemployed,34,49.12676285,428275
Poor,Low,11,Unemployed,32,81.21017282,244013
Poor,Low,10,Unemployed,42,44.592396,348182
Poor,Low,1,Unemployed,56,41.77923327,246501
Moderate,Moderate,5,Unemployed,36,11.16366872,171778
Good,Moderate,6,Employed,53,20.71134735,271492
Moderate,High,8,Unemployed,30,2.748519483,365485
Poor,Moderate,5,Unemployed,30,69.89276609,103890
Moderate,Low,15,Employed,42,95.43786002,112293
Poor,Low,7,Employed,52,96.78876499,306071
Moderate,Moderate,3,Employed,50,47.53603575,559266
Moderate,High,10,Unemployed,40,99.82439139,363604
Good,High,11,Employed,41,56.26014924,69962
Good,Low,3,Employed,30,21.02827927,187478
Poor,High,0,Employed,65,32.26278442,418486
Moderate,Low,6,Unemployed,55,60.60646962,82195
Poor,Moderate,2,Employed,40,15.73377058,441701
Moderate,High,13,Employed,58,93.42364411,427797
Poor,Low,3,Employed,49,29.27894302,110517
Poor,Moderate,4,Employed,60,97.15210271,118880
Good,Moderate,3,Employed,35,52.50878455,304196
Good,High,12,Unemployed,56,57.76579961,210005
Good,Low,11,Employed,47,95.46173715,79348
Poor,High,11,Employed,36,27.15334829,437316
Poor,Moderate,7,Employed,60,92.3602668,398671
Moderate,High,9,Unemployed,39,83.2262886,118988
Good,Moderate,8,Employed,42,61.65878381,271796
Poor,High,1,Unemployed,35,75.23109707,110205
Poor,Moderate,2,Unemployed,35,96.37676499,95439
Moderate,High,3,Employed,53,74.20925926,509588
Moderate,Moderate,11,Employed,64,69.13864452,529103
Poor,Low,14,Employed,30,98.95481193,441751
Good,Low,9,Employed,32,60.36019202,342817
Moderate,Moderate,7,Employed,57,53.73954252,170703
Poor,Low,7,Employed,49,58.61105359,354737
Moderate,Moderate,4,Employed,45,34.17023791,587835
Poor,High,10,Employed,61,76.55313315,336654
Poor,High,11,Employed,43,27.26679903,56121
Poor,Moderate,14,Employed,39,22.76866259,545649
Moderate,Low,3,Unemployed,30,38.13358171,181846
Moderate,Low,15,Employed,47,88.71419987,533434
Poor,Low,11,Employed,65,0.402527885,502973
Good,Low,8,Unemployed,37,4.051952544,360849
Moderate,Moderate,6,Unemployed,30,88.88879397,566108
Poor,Low,4,Employed,55,23.14366305,452170
Poor,Low,1,Employed,32,80.85861694,78024
Moderate,Low,5,Unemployed,45,68.44490485,535450
Moderate,Low,12,Unemployed,35,28.46553935,402686
Poor,High,15,Employed,32,30.73727192,381609
Moderate,High,11,Employed,49,35.56873899,514743
Poor,High,6,Unemployed,39,56.51975212,51741
Moderate,Moderate,10,Employed,42,54.27973795,158798
Moderate,Low,6,Unemployed,59,59.71507045,272912
Good,Low,8,Employed,41,35.8912991,296043
Good,Moderate,2,Unemployed,40,47.70667496,418246
Moderate,Low,5,Employed,54,81.74764393,369971
Poor,High,9,Employed,59,62.98837037,336080
Moderate,High,2,Employed,37,6.950779652,243321
Good,Moderate,15,Unemployed,49,18.31353716,221781
Moderate,Low,3,Employed,40,81.50739907,374245
Moderate,Moderate,1,Employed,63,35.76770913,235489
Moderate,Moderate,0,Unemployed,34,62.09460874,161518
Good,High,7,Employed,57,88.60508402,69324
Poor,Moderate,1,Employed,50,29.20141004,145025
Moderate,Low,15,Unemployed,36,5.69479487,336563
Poor,Low,1,Employed,43,6.134755796,125987
Moderate,Low,8,Unemployed,60,98.44160342,105646
Moderate,High,4,Employed,54,20.80801569,564011
Poor,Low,14,Unemployed,39,48.89361169,135195
Moderate,Low,7,Employed,45,24.2422095,431430
Poor,High,4,Employed,56,77.41567925,55512
Good,Low,2,Employed,59,30.5169502,465826
Good,High,4,Unemployed,48,18.40298647,300635
Moderate,Moderate,9,Unemployed,30,95.96892191,148423
Poor,High,1,Unemployed,58,91.10655293,63810
Poor,Moderate,0,Unemployed,45,45.57577029,453791
Poor,Moderate,2,Employed,41,0.360643611,182604
Moderate,High,1,Unemployed,37,65.6713368,308989
Good,High,9,Unemployed,39,13.05213994,74301
Moderate,High,7,Employed,34,57.04497349,463267
Moderate,Moderate,5,Employed,65,42.83423903,59026
Good,Moderate,5,Employed,35,71.82902739,555245
Poor,High,0,Unemployed,53,11.27116827,186558
Good,Low,15,Unemployed,60,16.55635151,364644
Good,High,8,Unemployed,62,41.57490525,150929
Good,High,10,Unemployed,48,40.13674857,553883
Poor,Low,0,Employed,63,4.203640219,187690
Moderate,Low,15,Unemployed,57,48.98941421,268127
Poor,High,6,Unemployed,36,93.56718631,443855
Poor,Low,7,Employed,46,98.97744157,440481
Poor,Moderate,2,Employed,52,98.58039227,456825
Good,Low,15,Unemployed,65,54.95533733,427245
Moderate,Moderate,2,Unemployed,63,60.50309677,234535
Poor,Moderate,14,Employed,63,7.283272899,217918
Moderate,Moderate,8,Unemployed,40,58.90601535,129458
Good,Low,6,Employed,60,40.17452054,400849
Poor,Low,2,Unemployed,40,39.32464648,281204
Poor,Moderate,4,Unemployed,35,50.62517345,232779
Poor,Moderate,4,Unemployed,44,40.36736576,117696
Moderate,High,2,Unemployed,30,83.68248944,458509
Good,High,1,Employed,55,66.53777092,565346
Moderate,Low,13,Employed,40,88.81942258,51821
Moderate,Low,13,Unemployed,50,89.63898881,243142
Good,Moderate,13,Unemployed,62,9.668971634,528607
Poor,High,13,Employed,51,64.27419004,262590
Poor,Low,11,Unemployed,55,39.328367,539556
Moderate,Low,9,Unemployed,18,87.91814059,476221
Good,Low,2,Employed,38,61.46423546,324918
Moderate,Moderate,7,Employed,32,82.08436636,103619
Poor,High,9,Unemployed,55,58.2871572,195337
Moderate,Low,9,Unemployed,42,71.10227176,341158
Poor,Low,0,Employed,55,65.01562207,502061
Moderate,High,12,Employed,51,76.06479396,450211
Poor,Low,12,Unemployed,60,80.25483034,231849
Good,High,7,Employed,34,32.30887473,122558
Poor,High,7,Employed,38,14.9816286,416733
Good,Moderate,11,Unemployed,34,85.09063222,272286
Good,Moderate,14,Unemployed,46,79.70628832,193385
Poor,Moderate,7,Unemployed,44,3.508761122,593651
Moderate,High,12,Unemployed,63,18.04830081,419672
Moderate,Low,13,Unemployed,41,93.38670399,419090
Poor,Moderate,5,Employed,36,39.76811351,483909
Moderate,Moderate,11,Unemployed,57,23.27796844,441603
Poor,Moderate,8,Employed,51,24.6265724,226158
Moderate,Low,15,Employed,38,2.685195403,238760
Good,Low,4,Unemployed,39,1.462853921,506945
Moderate,Low,8,Employed,34,14.3298343,390326
Poor,Low,9,Employed,49,70.42914024,466352
Moderate,High,14,Employed,45,21.02952268,467381
Poor,Moderate,10,Unemployed,35,28.12229344,459621
Poor,High,12,Unemployed,57,19.01781355,571137
Poor,Low,12,Employed,44,71.88779804,397666
Moderate,Moderate,11,Employed,47,29.31118791,366830
Poor,Moderate,7,Unemployed,47,24.02455575,144291
Moderate,Low,11,Employed,39,71.5744039,547173
Good,High,2,Employed,32,93.77876305,206155
Poor,High,11,Employed,51,0.4401609,578263
Poor,High,6,Employed,36,52.20484162,403755
Poor,Low,0,Employed,39,98.73155492,261439
Moderate,Low,12,Unemployed,50,11.04431269,263708
Good,Low,8,Unemployed,40,25.34691412,531899
Moderate,Moderate,0,Unemployed,56,75.03124384,239467
Good,High,5,Unemployed,41,89.54453138,326416
Poor,Moderate,12,Employed,36,15.17066155,210735
Good,Moderate,8,Unemployed,34,5.117973567,83098
Moderate,Low,6,Employed,41,84.00284508,329969
Moderate,Moderate,11,Employed,45,25.67440874,538206
Moderate,High,6,Employed,30,88.20854789,440999
Poor,High,1,Employed,53,24.3445634,258450
Moderate,High,1,Employed,47,61.24029081,251885
Moderate,High,10,Unemployed,40,70.17360105,548422
Good,High,14,Unemployed,44,56.87856827,451763
Poor,High,9,Employed,47,84.87885877,436710
Moderate,High,6,Unemployed,41,65.54896235,128586
Good,Low,14,Employed,48,23.40624926,173938
Moderate,Low,2,Employed,37,52.81400573,307906
Moderate,Moderate,5,Unemployed,34,93.025432,509750
Moderate,Low,12,Employed,56,64.08916648,377591
Moderate,Moderate,8,Unemployed,54,96.45801858,54638
Good,Moderate,0,Unemployed,41,88.7407474,460271
Moderate,High,5,Employed,32,43.96423205,293435
Poor,Moderate,15,Unemployed,50,60.16700218,253504
Moderate,High,2,Employed,35,98.77733321,432309
Good,Low,10,Unemployed,44,56.38174806,138320
Poor,Moderate,0,Unemployed,48,14.08334277,189665
Moderate,High,14,Unemployed,62,55.94021159,350005
Poor,Low,2,Unemployed,47,71.01108919,219399
Poor,Low,2,Employed,62,22.62826273,413921
Moderate,Low,2,Unemployed,57,68.92840818,128351
Poor,Low,9,Unemployed,35,32.60234523,128593
Moderate,Moderate,3,Employed,37,57.48052249,136104
Poor,Moderate,10,Unemployed,41,71.44961528,226349
Good,High,10,Unemployed,47,50.1020572,434489
Moderate,Low,13,Employed,30,39.01132134,275162
Moderate,Low,3,Unemployed,41,9.689216116,410594
Poor,Low,6,Employed,44,2.024937979,321066
Moderate,Low,10,Unemployed,64,18.71084229,541241
Moderate,Moderate,12,Employed,53,38.15276947,496425
Moderate,Low,8,Employed,49,21.19590903,271885
Good,Moderate,6,Unemployed,37,69.58696802,341003
Good,Low,8,Unemployed,51,1.729397577,295369
Poor,Moderate,3,Unemployed,40,32.56447769,366016
Poor,High,4,Employed,50,63.10141935,365136
Poor,High,10,Employed,44,14.93484503,69813
Poor,Low,13,Employed,61,50.22944087,376630
Good,High,11,Employed,38,91.06777399,392530
Moderate,Low,9,Employed,65,0.648808378,588211
Moderate,Moderate,3,Employed,40,92.76142351,172305
Moderate,Moderate,5,Unemployed,65,38.35018811,484082
Poor,Low,14,Unemployed,61,52.22894733,328494
Poor,Low,15,Employed,64,0.950620242,350195
Moderate,Moderate,13,Unemployed,33,9.766107681,331846
Moderate,Low,1,Employed,43,39.02891008,597953
Moderate,Moderate,1,Employed,51,75.62949239,129380
Good,Moderate,8,Employed,32,48.16877687,574466
Good,Low,4,Unemployed,31,51.62330979,153645
Moderate,Moderate,13,Employed,60,1.758991621,129078
Poor,High,10,Unemployed,45,48.24754444,361578
Good,Low,2,Employed,61,79.5727715,194187
Good,High,2,Employed,59,49.62351739,256730
Moderate,High,2,Unemployed,30,50.57833001,180801
Moderate,High,8,Unemployed,32,94.96941809,518456
Good,Moderate,8,Unemployed,39,59.87233411,56217
Good,Low,3,Employed,40,59.09550659,365725
Good,Moderate,5,Employed,43,49.99079567,232973
Moderate,Low,2,Employed,38,16.40217446,71764
Poor,High,2,Unemployed,45,71.8533293,310086
Poor,Low,7,Unemployed,61,14.97255641,287244
Moderate,Low,2,Unemployed,41,72.94439883,359983
Poor,High,10,Unemployed,37,1.637690648,111017
Moderate,Low,0,Employed,48,35.3971748,462939
Moderate,Low,3,Unemployed,41,51.03754066,83255
Moderate,High,9,Unemployed,34,31.63339092,346777
Poor,Low,13,Employed,54,88.64360554,164537
Poor,High,0,Employed,45,36.90146993,359032
Good,Moderate,14,Unemployed,59,49.04103611,473120
Moderate,Moderate,10,Unemployed,33,11.15499073,316832
Poor,Low,3,Unemployed,65,63.19329629,161189
Good,Moderate,9,Unemployed,38,16.09554875,386305
Good,Moderate,4,Employed,53,81.37482956,201365
Poor,High,14,Unemployed,41,51.66763926,375589
Moderate,Low,14,Unemployed,48,96.3687166,461223
Moderate,High,9,Unemployed,55,62.74456098,518270
Poor,High,11,Unemployed,32,90.84462057,170284
Good,Moderate,3,Unemployed,36,30.23690338,102867
Moderate,High,11,Employed,62,0.659240534,319676
Poor,Low,1,Employed,39,85.25230068,498321
Moderate,Low,5,Employed,39,38.24437051,59441
Moderate,Low,12,Unemployed,63,41.5045494,410836
Poor,Low,11,Employed,65,88.86685993,425196
Good,Low,15,Unemployed,63,21.38352557,62800
Good,Moderate,5,Employed,43,42.31181975,589548
Moderate,Moderate,11,Employed,36,29.31405103,184080
Good,Moderate,5,Employed,31,14.26434374,361974
Moderate,Moderate,4,Employed,62,59.61929707,340871
Moderate,Low,7,Employed,58,87.13573412,469185
Good,Moderate,9,Employed,65,86.90471025,279079
Moderate,High,10,Unemployed,34,71.83602189,478919
Poor,High,6,Unemployed,35,81.30659493,366222
Good,Moderate,6,Unemployed,36,55.15876608,163523
Moderate,High,8,Employed,58,83.90136032,139459
Moderate,Moderate,12,Unemployed,43,23.4858693,186793
Poor,High,0,Employed,61,20.62281374,282161
Good,High,12,Unemployed,50,37.3840086,316754
Good,Moderate,4,Unemployed,53,32.38960278,239306
Moderate,High,3,Unemployed,61,84.59317857,571811
Poor,High,13,Employed,56,79.9512504,74985
Good,Low,5,Employed,39,46.0748135,227971
Poor,Low,4,Unemployed,47,51.68585255,164432
Moderate,High,9,Unemployed,56,84.24721286,580332
Poor,Low,10,Employed,39,19.32359915,333071
Good,High,2,Unemployed,45,51.92634145,222653
Good,Moderate,10,Unemployed,65,75.43592544,499227
Poor,Low,0,Employed,49,20.50813578,582979
Moderate,Low,6,Unemployed,33,96.36832723,428373
Good,High,0,Employed,36,29.13074463,250334
Moderate,Low,4,Employed,34,68.34966171,492156
Poor,Moderate,6,Unemployed,55,69.99594127,472974
Moderate,Moderate,12,Employed,38,17.40511114,350917
Good,Moderate,8,Employed,42,51.8330787,125545
Moderate,High,15,Unemployed,52,40.99813194,391192
Poor,Moderate,6,Unemployed,60,3.133746068,233436
Poor,Moderate,5,Unemployed,37,87.12010363,111483
Poor,High,12,Employed,47,74.08125915,510821
Poor,Low,3,Employed,44,80.63952933,451768
Moderate,Moderate,14,Employed,47,70.622817,207035
Moderate,Low,9,Employed,60,44.60572257,120400
Poor,Moderate,14,Unemployed,63,71.70150377,78120
Poor,Low,6,Employed,48,80.71637664,539982
Good,High,3,Unemployed,31,66.84854273,556246
Moderate,High,3,Unemployed,30,27.32364195,120271
Poor,High,8,Unemployed,53,79.65536231,329457
Moderate,High,7,Unemployed,34,60.65255058,201898
Moderate,Low,8,Employed,32,28.33277386,420069
Moderate,Low,4,Employed,50,3.180204082,317427
Moderate,High,11,Unemployed,42,33.14922733,221089
Moderate,Moderate,6,Employed,31,72.70124547,133701
Good,High,8,Employed,63,16.38136636,494765
Poor,Moderate,1,Employed,56,87.55763667,337790
Good,High,5,Unemployed,60,18.64168552,524681
Poor,High,2,Employed,65,78.46041253,98265
Moderate,Moderate,9,Employed,31,48.05782527,70384
Moderate,High,9,Unemployed,51,44.8554856,442720
Poor,Moderate,7,Unemployed,55,58.97376126,185191
Moderate,High,2,Unemployed,41,3.992765881,390471
Moderate,High,4,Employed,52,19.67328664,433640
Poor,Moderate,6,Unemployed,64,17.34619981,196580
Poor,High,7,Employed,32,95.77446331,457929
Poor,Moderate,5,Employed,52,34.75338627,451284
Poor,High,6,Unemployed,33,92.82453464,99647
Moderate,Low,15,Employed,32,70.75533559,349890
Moderate,Moderate,2,Employed,33,78.93230104,551430
Poor,Low,0,Employed,41,51.63165617,365531
Good,Low,4,Employed,58,10.52184741,461409
Poor,High,10,Employed,57,21.5268774,147995
Moderate,High,7,Employed,53,13.7062696,561084
Good,Moderate,6,Employed,61,56.6601347,180964
Poor,Moderate,3,Unemployed,35,43.70787583,110093
Poor,Moderate,12,Employed,41,23.7604497,257623
Poor,Low,5,Unemployed,52,35.27450125,429821
Moderate,High,4,Unemployed,47,94.49086867,480980
Moderate,Moderate,5,Unemployed,40,52.91744532,504335
Moderate,High,12,Employed,42,33.40007188,164827
Poor,Low,13,Employed,41,7.681102764,274830
Moderate,High,14,Unemployed,38,74.59546179,567299
Moderate,High,5,Employed,55,8.346929518,385037
Poor,High,9,Employed,55,16.98203459,491073
Moderate,Moderate,2,Unemployed,42,56.3551581,369767
Moderate,Low,11,Unemployed,63,93.92070171,417379
Moderate,Moderate,1,Employed,48,14.52116867,436374
Poor,High,7,Unemployed,33,37.86746607,404401
Moderate,High,5,Unemployed,38,18.05650167,244805
Poor,Low,3,Employed,55,15.26968104,152655
Poor,Moderate,14,Employed,36,43.33338755,516485
Moderate,High,10,Employed,57,62.62149909,553750
Moderate,Low,5,Unemployed,52,22.14519404,105172
Poor,High,3,Employed,56,71.71194855,66667
Poor,High,13,Employed,35,53.30432879,137568
Poor,High,11,Employed,53,38.14912932,467094
Poor,High,7,Employed,61,83.25044,482680
Moderate,High,8,Employed,35,38.18390966,281667
Poor,Moderate,3,Unemployed,33,19.45561612,498809
Moderate,Moderate,1,Unemployed,37,52.55407311,165080
Poor,Low,4,Employed,48,52.59508645,237139
Poor,Moderate,2,Unemployed,53,25.45166165,599690
Moderate,High,0,Employed,59,42.66253735,421439
Poor,Moderate,15,Employed,56,76.03873822,73989
Poor,Moderate,14,Employed,43,6.480982565,189113
Poor,High,13,Unemployed,48,58.65585607,241129
Poor,High,11,Employed,61,43.5969266,339086
Poor,Moderate,12,Unemployed,39,43.34082174,303753
Good,Moderate,14,Unemployed,35,88.31759706,413786
Good,High,5,Employed,45,75.31877038,341987
Good,Low,5,Unemployed,65,59.54499315,175272
Moderate,High,7,Employed,52,60.84910866,532910
Moderate,High,10,Employed,51,80.4233789,153893
Good,Low,5,Unemployed,63,34.84226478,410599
Moderate,High,2,Employed,35,1.754756282,189720
Moderate,Low,0,Employed,35,59.63766177,571124
Poor,Low,1,Unemployed,37,72.06763591,109661
Moderate,High,8,Unemployed,40,62.95699612,244721
Moderate,Low,3,Employed,45,13.97769659,325050
Poor,Low,14,Employed,43,82.27162138,493959
Poor,Moderate,7,Unemployed,52,9.149269734,452455
Poor,High,2,Unemployed,64,75.67323131,307554
Poor,Moderate,10,Employed,61,86.53743121,255136
Moderate,High,4,Unemployed,30,11.06208202,334575
Poor,Low,9,Unemployed,57,29.19096138,406463
Good,Moderate,3,Unemployed,53,23.00543677,165669
Poor,Moderate,2,Employed,41,62.82932285,81199
Moderate,Moderate,10,Unemployed,57,2.256165076,118050
Poor,Low,0,Employed,61,99.58862758,183313
Good,Moderate,0,Unemployed,36,60.61773058,104059
Good,Low,8,Unemployed,52,31.86547541,171328
Moderate,High,14,Employed,36,79.60367599,496113
Good,Low,14,Unemployed,58,35.95764012,82216
Poor,High,15,Employed,53,98.35237217,223741
Poor,Moderate,12,Unemployed,65,2.185137721,326354
Poor,Low,11,Employed,65,89.22308599,341121
Moderate,Moderate,2,Employed,44,52.61427597,97405
Moderate,Moderate,5,Unemployed,58,63.49140441,413253
Good,Low,4,Unemployed,60,18.27130736,174422
Good,Moderate,15,Unemployed,34,10.21632339,178208
Moderate,Low,5,Employed,44,40.69349746,566667
Good,High,10,Unemployed,50,4.80253876,103984
Poor,High,6,Unemployed,64,95.54116941,60106
Moderate,Low,15,Employed,63,64.32739938,561095
Good,High,10,Employed,44,51.86462894,390211
Moderate,Moderate,1,Employed,42,7.010963927,189309
Poor,High,11,Employed,54,38.21084703,295613
Good,Low,7,Unemployed,39,70.45786278,533373
Moderate,Moderate,15,Unemployed,50,89.74631502,435631
Poor,Low,10,Employed,51,9.759753985,140859
Moderate,Low,0,Unemployed,33,85.31033749,277421
Moderate,Low,3,Unemployed,59,49.76382118,288739
Good,Low,15,Unemployed,48,81.39547838,143136
Moderate,High,4,Employed,38,24.51260045,561857
Moderate,Low,2,Unemployed,30,36.81635139,497960
Moderate,Low,8,Employed,31,23.68017701,327399
Poor,Moderate,8,Unemployed,52,70.05988109,306343
Moderate,High,9,Employed,61,60.6767792,477373
Poor,Low,14,Unemployed,56,4.908874995,401896
Moderate,High,6,Employed,42,36.13394198,532648
Poor,Low,4,Unemployed,44,72.28203011,433154
Poor,Low,11,Unemployed,35,19.92264427,588976
Moderate,Moderate,11,Employed,61,53.80219631,56847
Moderate,High,11,Unemployed,45,81.05873444,223354
Moderate,Low,9,Employed,55,96.07418217,341634
Good,Low,8,Unemployed,30,50.96018888,337878
Poor,Low,2,Employed,42,99.87232545,481100
Moderate,Low,2,Employed,56,15.77436729,488076
Poor,Low,11,Unemployed,55,60.23641741,420229
Poor,Moderate,1,Employed,46,47.03238255,381708
Good,High,6,Employed,54,90.04053186,309099
Poor,Moderate,7,Employed,49,16.55197356,527745
Poor,Low,3,Unemployed,44,18.03797689,192197
Good,Moderate,1,Unemployed,45,33.35995808,208633
Poor,Moderate,3,Unemployed,43,35.46270944,279468
Poor,High,12,Employed,57,73.85570406,340968
Poor,Low,11,Employed,55,72.48705057,452485
Moderate,Low,1,Unemployed,56,34.9474496,210773
Good,High,8,Unemployed,47,81.61255737,86487
Moderate,Low,9,Unemployed,47,1.313337371,116666
Poor,Low,14,Employed,46,1.761650714,529970
Poor,Moderate,3,Unemployed,49,27.76194996,308339
Moderate,High,7,Unemployed,61,2.503633624,434904
Good,Low,10,Employed,55,70.69969636,532137
Poor,Moderate,8,Unemployed,58,12.30878534,578944
Good,Moderate,6,Unemployed,50,66.20095646,95260
Good,High,6,Employed,39,37.61817905,345576
Moderate,Low,1,Unemployed,61,55.56640731,220952
Poor,Low,7,Employed,62,35.39276766,230026
Poor,Low,7,Unemployed,30,9.007386295,492034
Moderate,Moderate,3,Employed,35,94.25777319,288182
Poor,High,5,Unemployed,52,51.41881809,597477
Good,Low,15,Unemployed,30,23.7476695,356179
Poor,Low,5,Unemployed,46,48.14629176,348413
Moderate,High,2,Unemployed,35,78.08258334,461637
Moderate,High,9,Employed,50,67.97086293,139201
Poor,Moderate,10,Employed,44,38.07837346,197371
Moderate,High,10,Employed,49,42.81756875,180651
Good,Moderate,0,Unemployed,58,92.0806587,308066
Poor,Low,12,Employed,30,5.495787465,79390
Moderate,Low,11,Employed,44,16.65662501,520320
Poor,High,0,Unemployed,45,57.21377472,277325
Poor,High,13,Employed,49,73.70186365,132849
Poor,Low,5,Employed,31,88.94061171,493651
Moderate,High,1,Employed,50,65.01691816,258892
Good,Low,4,Employed,40,4.963086068,201349
Good,Moderate,1,Employed,38,14.81777303,327776
Poor,High,9,Employed,53,19.85829782,405440
Good,Low,0,Unemployed,35,14.86993183,470724
Moderate,Low,8,Employed,65,85.14350379,434611
Moderate,High,13,Employed,45,62.18560855,216263
Moderate,Low,14,Unemployed,42,0.435319149,159412
Good,High,4,Unemployed,51,57.85117924,227787
Poor,Moderate,10,Unemployed,62,20.80466543,575453
Moderate,Moderate,9,Unemployed,65,47.59759687,295771
Poor,High,0,Employed,43,45.30240136,455515
Moderate,Moderate,5,Unemployed,57,70.05069957,227455
Poor,Moderate,3,Employed,35,66.22475475,459527
Good,Moderate,0,Employed,60,13.85474424,343285
Poor,Moderate,13,Employed,64,70.87052005,316357
Poor,Low,8,Employed,33,13.76702643,270258
Poor,Moderate,15,Unemployed,44,73.71069804,494356
Moderate,High,9,Employed,50,90.07947003,448305
Poor,Low,14,Unemployed,65,32.82017505,162002
Good,High,3,Unemployed,49,38.77831574,284317
Poor,Low,1,Employed,46,12.78058428,79246
Poor,High,13,Employed,49,13.77855207,224777
Poor,Moderate,10,Unemployed,34,19.32001275,156599
Poor,High,14,Employed,57,36.31912464,424929
Moderate,High,8,Unemployed,31,0.085729069,266825
Moderate,High,8,Employed,56,81.06198663,272181
Good,Low,9,Employed,49,14.86268844,61468
Poor,Moderate,5,Unemployed,65,83.42288234,412971
Good,Low,1,Unemployed,60,13.74933545,484126
Poor,Low,2,Unemployed,42,43.21672552,351819
Moderate,Low,5,Employed,39,73.17399736,531666
Moderate,Low,15,Unemployed,38,56.90731956,426751
Poor,Low,13,Unemployed,33,42.96569222,348965
Moderate,Low,10,Unemployed,45,59.92388585,552374
Good,Low,9,Unemployed,48,46.43326526,454977
Poor,Low,11,Unemployed,63,43.09755248,346617
Poor,Moderate,10,Unemployed,55,65.88872658,545175
Poor,Low,7,Employed,35,36.50848775,295033
Poor,High,2,Unemployed,47,16.69540057,278899
Poor,Moderate,7,Unemployed,47,57.98955982,100237
Poor,Low,3,Employed,43,77.39805963,226268
Moderate,Low,9,Unemployed,55,31.91395155,224177
Poor,Low,3,Employed,53,99.45438921,557028
Good,High,1,Unemployed,51,6.44903639,286885
Poor,High,10,Unemployed,64,27.72938969,57490
Moderate,Moderate,10,Unemployed,49,55.99116862,255123
Moderate,Low,13,Employed,46,65.83570922,455625
Good,High,13,Unemployed,38,62.91131435,192161
Moderate,High,9,Employed,61,4.291227266,432014
Moderate,Moderate,2,Unemployed,44,85.66982231,434797
Good,Low,14,Employed,34,92.17977565,593124
Good,High,1,Unemployed,51,95.76043711,516421
Poor,High,10,Unemployed,43,87.03275937,312462
Good,Low,11,Unemployed,56,28.73799153,111664
Poor,Low,0,Unemployed,32,69.24454812,324460
Moderate,Low,12,Unemployed,49,17.18161783,540917
Poor,Low,10,Unemployed,44,43.20427135,225641
Poor,High,13,Employed,63,54.40122914,285453
Moderate,High,5,Employed,32,75.10895304,538607
Moderate,Moderate,15,Employed,41,68.70238381,381491
Moderate,Low,15,Unemployed,52,67.06957939,164331
Good,Low,9,Unemployed,37,15.34970018,225305
Poor,Low,13,Unemployed,39,30.58315291,233379
Moderate,High,10,Employed,60,51.69985832,495005
Poor,High,7,Employed,49,49.92834012,219007
Poor,Low,5,Unemployed,47,4.033598753,336879
Poor,High,5,Unemployed,54,65.41174842,349597
Poor,Low,11,Employed,62,30.72422507,518447
Poor,High,5,Unemployed,40,80.45295997,182074
Good,Low,10,Unemployed,46,70.6694164,341226
Moderate,High,10,Employed,63,37.49477172,122763
Poor,Moderate,7,Employed,50,45.27506519,75513
Moderate,Moderate,7,Employed,41,32.90126138,478585
Good,Low,0,Unemployed,48,66.37132525,92700
Poor,Moderate,11,Employed,62,46.87510604,475682
Good,Low,11,Employed,54,96.96597465,333442
Poor,Moderate,14,Unemployed,62,63.45189544,89278
Moderate,High,2,Unemployed,32,46.86160205,118473
Good,High,13,Employed,37,2.761605726,194611
Moderate,Low,6,Unemployed,38,99.7616836,570850
Moderate,High,7,Unemployed,54,37.26760955,342345
Moderate,High,8,Employed,30,53.95035905,142941
Poor,Low,8,Employed,41,90.65306321,310494
Moderate,High,6,Employed,35,34.29026436,394723
Poor,High,12,Employed,52,90.24535392,80991
Poor,Moderate,7,Employed,44,22.1065865,594725
Good,High,1,Unemployed,60,89.44653793,165514
Poor,Moderate,15,Employed,31,61.58355155,109673
Poor,Low,3,Unemployed,52,5.01688435,459030
Moderate,Low,7,Unemployed,46,99.41737917,185600
Poor,Moderate,15,Employed,42,37.37335168,313647
Poor,High,4,Unemployed,53,50.70435369,289942
Poor,Low,2,Unemployed,56,70.21135502,187273
Moderate,Low,8,Employed,32,70.03851331,499170
Poor,Low,6,Employed,63,66.85131815,144754
Moderate,Low,2,Unemployed,36,54.77883349,327571
Poor,Low,11,Unemployed,56,33.40788955,322618
Good,Moderate,2,Employed,44,83.40069131,579079
Poor,High,12,Employed,32,77.42221912,266973
Moderate,High,4,Unemployed,59,62.40284372,455966
Good,High,9,Unemployed,58,21.21300709,332083
Moderate,High,4,Employed,33,71.40027085,586423
Poor,Low,7,Unemployed,54,83.28690418,127693
Moderate,Low,8,Employed,36,49.02014586,81805
Poor,High,14,Employed,60,26.06587984,560865
Moderate,Low,3,Employed,30,75.91624812,239237
Good,High,11,Unemployed,41,2.96572456,359235
Moderate,Low,2,Employed,55,86.07197057,173862
Moderate,High,1,Employed,30,76.27648111,261715
Good,High,12,Employed,30,28.33371393,510392
Moderate,High,3,Unemployed,59,2.877081712,55407
Poor,High,6,Unemployed,48,0.201126435,99042
Good,High,6,Employed,31,85.23088299,463302
Good,High,1,Employed,37,7.142764673,359321
Moderate,High,7,Employed,57,98.34860542,226553
Poor,High,14,Unemployed,37,44.39990207,234027
Moderate,Low,1,Employed,63,16.18104957,76810
Moderate,Moderate,2,Employed,62,44.4937698,168974
Moderate,Moderate,13,Unemployed,49,46.91259079,404969
Moderate,Low,3,Employed,52,44.90977255,577366
Moderate,High,3,Unemployed,52,85.74385585,459049
Good,High,7,Employed,32,73.82606807,87541
Poor,Moderate,13,Employed,40,79.45058479,253794
Moderate,High,0,Employed,45,86.58860907,152741
Poor,Moderate,4,Employed,35,12.37280882,558981
Good,High,3,Employed,50,38.9263463,173382
Moderate,Low,11,Unemployed,34,69.19314197,356187
Moderate,Moderate,0,Unemployed,51,42.72817081,320885
Good,High,9,Employed,39,21.32203491,222161
Poor,Low,13,Unemployed,41,8.546602297,528670
Poor,Moderate,8,Employed,44,89.86118076,443663
Moderate,Low,3,Employed,42,53.53975274,73543
Poor,Low,12,Unemployed,62,24.96500928,99457
Moderate,Moderate,4,Employed,39,90.0679387,501541
Poor,High,7,Employed,41,59.5687735,454290
Moderate,Moderate,0,Employed,58,40.34306188,360430
Moderate,Low,9,Unemployed,39,2.334816078,452371
Poor,Moderate,2,Employed,49,88.83346268,434857
Moderate,High,14,Unemployed,31,0.50671145,310339
Good,Moderate,3,Employed,38,35.0161532,531952
Moderate,Low,12,Unemployed,60,49.79901278,50425
Good,Low,7,Employed,64,11.37617217,261727
Good,High,11,Employed,53,11.63402232,68877
Moderate,High,4,Unemployed,61,65.49481121,200059
Poor,High,13,Employed,32,10.57717935,556228
Good,Moderate,8,Employed,51,74.27034382,477100
Good,Low,5,Unemployed,40,81.69067101,235050
Good,High,10,Unemployed,65,77.12572199,236282
Moderate,Moderate,4,Unemployed,56,0.028647439,545185
Good,High,6,Employed,50,50.05396771,557040
Moderate,High,13,Employed,50,13.44675528,409584
Good,Moderate,2,Employed,31,70.16563687,569023
Moderate,Moderate,4,Employed,45,91.87556769,99605
Poor,Low,9,Employed,35,27.08391648,249721
Poor,Moderate,2,Employed,31,28.09478258,200936
Good,High,12,Employed,31,86.03503348,127781
Poor,Low,0,Employed,47,89.82730651,506239
Good,Low,1,Unemployed,39,38.66914946,114010
Moderate,Low,12,Employed,35,7.394868987,356752
Moderate,Low,3,Employed,30,47.95439275,117870
Poor,High,4,Employed,59,51.61128501,354765
Poor,Moderate,9,Employed,51,64.60702593,570708
Good,Low,10,Unemployed,54,60.77214043,576227
Moderate,Low,13,Employed,45,0.43736791,329952
Moderate,Moderate,12,Employed,63,84.31836267,362123
Moderate,Moderate,13,Unemployed,58,16.67332478,372569
Good,High,2,Unemployed,64,93.71895489,430465
Poor,Low,14,Unemployed,40,21.54219036,207767
Moderate,Moderate,5,Unemployed,62,3.672818891,144705
Moderate,Moderate,14,Unemployed,35,66.13482063,488148
Moderate,High,3,Unemployed,58,45.96116718,504473
Poor,Moderate,2,Unemployed,44,50.07055905,284736
Poor,High,4,Unemployed,36,74.58947389,502620
Good,Moderate,15,Unemployed,61,44.52791168,68275
Moderate,Moderate,0,Employed,30,62.6365542,429791
Poor,High,12,Employed,33,55.90030701,328003
Poor,Low,11,Employed,30,71.55696355,284349
Poor,Low,6,Unemployed,56,19.75973848,325083
